anim,frame,arm,hand_x,hand_y,forearm_angle_deg,canvas_w,x_offset
Idle,1,ArmFront,14.5,25.7,14.0,24,0
Idle,1,ArmBack,12.2,25.8,6,24,0
Idle,2,ArmFront,14.7,25.7,15.5,24,0
Idle,2,ArmBack,12.2,25.8,7,24,0
Idle,3,ArmFront,15.0,26.1,17.0,24,0
Idle,3,ArmBack,12.2,26.3,8,24,0
Idle,4,ArmFront,15.0,26.6,17.0,24,0
Idle,4,ArmBack,12.2,26.8,8,24,0
Idle,5,ArmFront,14.7,26.2,15.5,24,0
Idle,5,ArmBack,12.2,26.3,7,24,0
Idle,6,ArmFront,14.5,25.7,14.0,24,0
Idle,6,ArmBack,12.2,25.8,6,24,0
Walk,1,ArmFront,10.2,26.4,-4.0,24,0
Walk,1,ArmBack,18.3,24.9,40.0,24,0
Walk,2,ArmFront,11.4,26.2,1.2720779386421421,24,0
Walk,2,ArmBack,17.0,25.2,32.38477631085024,24,0
Walk,3,ArmFront,14.4,25.7,13.999999999999998,24,0
Walk,3,ArmBack,13.6,25.7,14.000000000000002,24,0
Walk,4,ArmFront,17.8,25.2,32.384776310850235,24,0
Walk,4,ArmBack,10.6,26.1,1.2720779386421448,24,0
Walk,5,ArmFront,19.1,25.0,40.0,24,0
Walk,5,ArmBack,9.4,26.4,-4.0,24,0
Walk,6,ArmFront,17.8,25.2,32.38477631085024,24,0
Walk,6,ArmBack,10.6,26.1,1.272077938642143,24,0
Walk,7,ArmFront,14.4,25.7,14.000000000000005,24,0
Walk,7,ArmBack,13.6,25.7,13.999999999999996,24,0
Walk,8,ArmFront,11.4,26.2,1.2720779386421475,24,0
Walk,8,ArmBack,17.0,25.2,32.38477631085023,24,0
Run,1,ArmFront,14.9,25.4,38.0,24,0
Run,1,ArmBack,22.6,18.1,110.0,24,0
Run,2,ArmFront,16.5,24.2,47.37258300203048,24,0
Run,2,ArmBack,22.1,18.8,98.2842712474619,24,0
Run,3,ArmFront,20.2,21.6,70.0,24,0
Run,3,ArmBack,19.4,21.4,70.0,24,0
Run,4,ArmFront,22.9,19.0,98.2842712474619,24,0
Run,4,ArmBack,15.8,24.0,47.37258300203048,24,0
Run,5,ArmFront,23.4,18.3,110.0,24,0
Run,5,ArmBack,14.2,25.2,38.0,24,0
Run,6,ArmFront,22.9,19.0,98.2842712474619,24,0
Run,6,ArmBack,15.8,24.0,47.372583002030474,24,0
Run,7,ArmFront,20.2,21.6,70.00000000000001,24,0
Run,7,ArmBack,19.4,21.4,69.99999999999999,24,0
Run,8,ArmFront,16.5,24.2,47.37258300203048,24,0
Run,8,ArmBack,22.1,18.8,98.2842712474619,24,0
Jump,1,ArmFront,10.3,30.4,-12,24,0
Jump,1,ArmBack,7.5,29.2,-25,24,0
Jump,2,ArmFront,20.2,4.7,150,24,0
Jump,2,ArmBack,22.8,13.2,100,24,0
Jump,3,ArmFront,22.7,7.2,120,24,0
Jump,3,ArmBack,0.5,11.8,-80,24,0
Fall,1,ArmFront,15.9,3.1,168,24,0
Fall,1,ArmBack,6.5,3.7,-165,24,0
Fall,2,ArmFront,16.3,4.1,170,24,0
Fall,2,ArmBack,6.2,4.7,-170,24,0
Land,1,ArmFront,19.3,29.7,40,24,0
Land,1,ArmBack,11.1,30.4,0,24,0
Land,2,ArmFront,16.9,27.8,26,24,0
Land,2,ArmBack,12.7,28.2,10,24,0
Climb,1,ArmFront,21.7,10.2,128.0,24,0
Climb,1,ArmBack,20.9,10.1,128.0,24,0
Climb,2,ArmFront,19.8,7.4,143.5884572681199,24,0
Climb,2,ArmBack,22.1,12.5,112.4115427318801,24,0
Climb,3,ArmFront,19.8,7.4,143.5884572681199,24,0
Climb,3,ArmBack,22.1,12.5,112.4115427318801,24,0
Climb,4,ArmFront,21.7,10.2,128.0,24,0
Climb,4,ArmBack,20.9,10.1,128.0,24,0
Climb,5,ArmFront,22.9,12.6,112.4115427318801,24,0
Climb,5,ArmBack,19.0,7.4,143.5884572681199,24,0
Climb,6,ArmFront,22.9,12.6,112.4115427318801,24,0
Climb,6,ArmBack,19.0,7.4,143.5884572681199,24,0
Attack,1,ArmFront,8.2,6.8,238,32,4
Attack,1,ArmBack,24.5,17.1,85,32,4
Attack,2,ArmFront,15.1,5.1,205,32,4
Attack,2,ArmBack,25.9,20.2,70,32,4
Attack,3,ArmFront,31.7,15.6,100,32,4
Attack,3,ArmBack,16.2,27.6,-10,32,4
Attack,4,ArmFront,31.1,25.6,50,32,4
Attack,4,ArmBack,16.1,28.1,-20,32,4
Attack,5,ArmFront,25.1,25.9,38,32,4
Attack,5,ArmBack,17.1,27.4,0,32,4
Attack,6,ArmFront,20.2,25.9,22,32,4
Attack,6,ArmBack,15.9,26.3,4,32,4
Hit,1,ArmFront,0.2,20.4,-70,24,0
Hit,1,ArmBack,17.2,22.1,60,24,0
Hit,2,ArmFront,-3.1,18.0,-90,24,0
Hit,2,ArmBack,17.1,19.2,85,24,0
Hit,3,ArmFront,10.6,25.7,10,24,0
Hit,3,ArmBack,12.4,25.6,20,24,0
Death,1,ArmFront,15.4,19.6,-75,44,16
Death,1,ArmBack,33.5,21.4,65,44,16
Death,2,ArmFront,12.3,16.7,-110,44,16
Death,2,ArmBack,32.8,18.9,100,44,16
Death,3,ArmFront,12.2,16.4,-140,44,16
Death,3,ArmBack,28.6,16.7,150,44,16
Death,4,ArmFront,12.3,19.2,-150,44,16
Death,4,ArmBack,27.2,20.7,150,44,16
Death,5,ArmFront,30.7,29.7,105,44,16
Death,5,ArmBack,9.7,27.7,-125,44,16
Death,6,ArmFront,30.8,32.6,100,44,16
Death,6,ArmBack,9.3,30.5,-120,44,16
Death,7,ArmFront,30.9,33.3,96,44,16
Death,7,ArmBack,8.4,33.4,-100,44,16
